referring_md_name;dmt.1;dmt.2;dmt.3;dmt.4;comment
Quintin Shin;hpb;;;;
Meika Cropper;hpb;;;;exclusive
Khristian Damron;gu;;;;
Joesiah Deans;hpb;rectal;;;
Malayia Spitler;hpb;;;;exclusive
Reagan Bynum;hpb;;;;
Kylea Dowden;gu;;;;
Shiv Stillwell;hpb;;;;
Railynn Brodie;bone;;;;
Ayvah Lankford;gastric_mixed;bone;;;exclusive
Camora Huckabee;rectal;;;;
Amyra Parris;gu;;;;
Everly Fleming;rectal;;;;
Rhyleigh Marotta;gu;;;;
Thoren Parente;bone;;;;
Audriana Eason;hpb;;;;
Viraj Heinz;hpb;rectal;;;
Yusef Sumpter;hpb;;;;
Auriel Huertas;hpb;rectal;;;
Burton Gusman;rectal;;;;
Britton Kunz;hpb;rectal;;;
Avalynn Toth;chest;;;;
Laith Kopp;gu;;;;
Elisia Brunelle;hpb;;;;
Jaedyn Curtiss;gyn;;;;
Miller Mchugh;gyn;;;;
Rashad Marcum;chest;;;;exclusive
Christon Milstead;chest;;;;
Stephon Armendariz;gu;;;;
Nosson Mcglynn;hpb;;;;exclusive
Cristian Stokes;gu;;;;
Nikolaos Xie;hpb;rectal;;;
Florencia Heyer;gu;;;;
Sunny Mcnally;gastric_mixed;bone;;;exclusive
Zaki Massa;bone;;;;
Fabiana Bayless;gyn;;;;exclusive
Jo Fenske;chest;;;;exclusive
Rigoberto Handley;chest;;;;exclusive
Micaiah Farrington;chest;;;;
Haiden Miguel;gu;;;;
Jaeda Deane;melanoma;;;;
Kayde Given;hpb;;;;NP
Karalynn Grundy;gu;;;;
Demiyah Spradling;rectal;;;;
Taelor Haught;gu;;;;
Mayci Woosley;bone;;;;
Braylynn Karr;bone;;;;
Vale Wysocki;gu;;;;
Aydrian Belisle;hpb;;;;
Camden Fine;;gastric;esophageal;;
Amiliana Palazzolo;gyn;;;;
Niyla Yaeger;gu;;;;
Leif Stoddard;hpb;;;;
Jasmin Jorgensen;chest;;;;
Treysen Kujawa;gyn;;;;
Ambrose Held;gu;hemonc;;;
Lea Jewell;gu;;;;
Amaiya Shupe;chest;;;;exclusive
Usman Biggers;gu;;;;
Maddison Berg;hpb;rectal;;;
Zury Macdougall;chest;;;;
Nadav Celaya;chest;;;;exclusive
Dayla Macedo;gyn;;;;
Destiny Christensen;gyn;;;;
Sianna Mccrory;chest;;;;
Alaura Money;gu;;;;
Leilana Holifield;gyn;;;;
Kaizer Lawhorn;chest;melanoma;bone;gu;
Maha Cairns;lymphoma;;;;
Zophia Shrum;chest;;;;
Alexandrea Byron;gu;;;;
Deana Fifer;gu;;;;
Vada Mcgovern;melanoma;;;;
Vibha Mcphee;chest;;;;
Lillyanna Lombardo;gyn;;;;
Shira Reuter;gyn;;;;
Deema Lubin;chest;;;;
Lonnie Marr;gyn;;;;exclusive
Blayne Mccallister;chest;;;;
Ann Serna;gyn;;;;
Angelita Stansberry;rectal;;;;
Eliab Slavin;gu;;;;
Shea Artis;hpb;;;;
Greenlee Bucci;gu;;;;
Aine Groce;hpb;;;;
Omega Bixby;chest;;;;exclusive
Taylar Pegram;gu;;;;
Margarita Noe;lymphoma;;;;
Kaeden Baron;chest;;;;exclusive
Anela Mei;gu;;;;
Gwendolynn Rank;rectal;;;;
Marla Pride;hpb;;;;
Hanah Beckmann;chest;;;;
Tiffani Quijada;melanoma;;;;
Vedant Posada;bone;;;;
Raleigh Szabo;gu;;;;
Jackson Harris;chest;;;;exclusive
Charis Boothe;chest;;;;
Giulianna Leo;gyn;breast;;;
Havilah Erazo;hpb;;;;
Jalani Southall;gu;;;;
Rylin Shuman;lymphoma;;;;
Baltazar Lecompte;gu;;;;
Tyshaun Hennings;gyn;;;;exclusive
Gianella Mathison;;rectal;gastric;esophageal;
Raegan Kirby;gastric;;;;
Taliah Kolb;gu;;;;
Grayce Garrido;gyn;;;;exclusive
Ramsey Newby;gu;;;;
Darey Pendergast;gu;;;;
Eitan Baltazar;breast;gyn;;;
Nakayla Borland;chest;;;;
Canton Ice;rectal;;;;
Trace Herndon;chest;;;;
Teagen Ivie;chest;;;;
Kenzlie Cawley;gu;;;;
Faigy Soares;rectal;;;;
Corrine Pilgrim;rectal;;;;
Narek Cerny;lymphoma;;;;
Elina Mott;gu;;;;
Calan Blackstone;chest;;;;
Isiah Rector;lymphoma;;;;
Kaius Mohammed;lymphoma;;;;
Maleek Reel;hpb;;;;exclusive
Atlee Pharr;;gastric;esophageal;rectal;1.20.28.007
Markus Crenshaw;melanoma;;;;
Tayvion Messier;chest;;;;exclusive
Rhiley Kahler;chest;;;;
Fabricio Reinhold;gu;;;;
Avin Kerley;lymphoma;;;;
Dale Heaton;hpb;;;;
Advaith Harrod;gu;;;;
Laken Reis;hpb;;;;exclusive
Payton Bush;gu;;;;
Jesus Wheeler;myeloma;;;;
Darion Reiss;;gastric;esophageal;;
Izabelle Bellamy;gu;;;;
Queenie Delia;gyn;;;;
Xavier Vasquez;bone;;;;
Graeson Sabin;breast;gyn;;;
Zakhi Hollon;chest;;;;
Breeze Vassallo;gyn;;;;exclusive
Asa Gibbons;gyn;;;;exclusive
Jolene Kay;;;;;ucc
Janay Vanburen;lymphoma;;;;
Winifred Garber;chest;;;;
Korah Keil;lymphoma;;;;
Yug Brundage;gyn;;;;
Dameon Awad;chest;;;;
Aamiyah Suttle;gastric_mixed;;;;exclusive
Shreyas La;gu;;;;
Ensley Hammett;chest;;;;exclusive
Joab Kapp;bone;melanoma;;;
Cassidy Poole;thyroid;;;;
Brynn Gallegos;chest;;;;exclusive
Chaise Chatham;lymphoma;;;;
Nyla Andrade;gyn;;;;
Tennyson Erskine;gyn;;;;
Aryiah Springfield;;;;;ucc
Lilianna Cardona;hpb;;;;exclusive
Brigham Runyon;;;;;
Evelyne Belknap;gyn;;;;
Tula Diedrich;gyn;;;;exclusive
Carina Solano;;;;;ucc
Rayden Cookson;gu;;;;
Deirdre Blomquist;;;;;
Avry Pavlik;rectal;;;;
Shelly Noah;rectal;;;;
Kamrin Mcevoy;lymphoma;;;;
Ahtziri Nilsen;gu;;;;
Ayman Ocasio;hpb;;;;
Kelsie Gage;gyn;;;;exclusive
Esai Lozada;;;;;ucc
Skai Dipietro;;;;;
Mattias Trinidad;;rectal;;;
Sapphira Mcmullin;;;;;
Manya Milford;chest;;;;
Triton Rao;bone;;;;
Alona Lemaster;hpb;;;;
Avigayil Kennon;;rectal;gastric;esophageal;
Demarcus Yazzie;breast;;;;
Chantal Ruppert;chest;;;;
Neo Tanaka;hpb;;;;
Dallas Hogan;chest;;;;
Jeslyn Steffens;chest;;;;
Amelie Broussard;bone;;;;
Yatziry Bowler;melanoma;;;;
Naina More;;rectal;;;
Maizie Cha;;;;;ucc
Tytus Tilton;lymphoma;;;;
Javion Granger;;;;;ucc
Alexandro Slattery;gu;;;;
Kaylin Jamison;gu;;;;
Willard Beane;bone;;;;
Abbigail Jung;hpb;;;;
Korbyn Yancey;gyn;;;;
Juliana Swanson;chest;;;;
Donny Englert;thyroid;;;;
Odessa Ramsay;breast;;;;
Braylon Huynh;gu;;;;
Joy Huber;chest;;;;
Kensley Mcnamara;gyn;;;;
Arley Hash;hpb;;;;
Reece Estep;;rectal;;;
Payslee Breland;gu;;;;
Nasser Louden;;hpb;rectal;gastric;esophageal?
Niko Schumacher;gu;;;;
Aaniyah Ligon;peds;;;;
Alliyah Grande;breast;;;;
Fred Lomax;breast;;;;
Aaiden Marquis;gu;;;;
Tanisha Llewellyn;;;;;
Lesli Baranowski;lymphoma;;;;
Bentley Weldon;chest;;;;
Maiah Tobar;gyn;;;;exclusive
Lianna Gamboa;;rectal;gastric;esophageal;
Jaime Lindner;melanoma;;;;
Kayci Nuss;;;;;
Tylar Pray;;;;;
Mateo Kennedy;;;;;
Kamron Thao;chest;;;;
Sadee Rudisill;chest;;;;
Aspen Prewitt;melanoma;;;;
Macayla Townley;;;;;
Othniel Hafer;thyroid;;;;
Halen Boutin;;;;;
Megan Dorsey;melanoma;;;;
Adelle Pinkerton;thyroid;;;;
Coralie Porras;bone;;;;
Jabriel Burciaga;;;;;
Brecken Chacon;;;;;
Amena Ernest;thyroid;;;;
Kynslee Reich;breast;;;;
Zaara Lagunas;;;;;
Sincere Alejandro;gyn;;;;
Serena Pace;;;;;
Teaghan Sawicki;;;;;
Cyan Goyette;chest;;;;
Galileo Bonanno;chest;;;;
Breelyn Herbst;lymphoma;;;;
Hillary Shanks;gu;;;;
Ari Sumner;chest;;;;
Annabell Schell;;;;;
Avril Dockery;thyroid;;;;
Aileen Cooke;breast;;;;
Amal Lennon;;;;;
Charlee York;;;;;
Kalib Holston;thyroid;;;;
Ariyanah Cluff;;;;;
Lyndon Orman;chest;;;;
Ellah Mumford;hpb;rectal;;;
Emerald Conn;lymphoma;;;;
Aubrii Ferri;gyn;;;;
Nola Thurman;breast;;;;
Norman Cotter;breast;;;;
Advait Cosme;thyroid;;;;
Lindley Dear;breast;;;;
Graham Byrd;lymphoma;;;;
Kaidyn Hartzell;;;;;
Torsten Stetson;gyn;;;;
Anabelle Crews;chest;;;;
Jaxie Mccarroll;;;;;
Lawton Campagna;breast;;;;
Avielle Herald;;;;;
Brayan Xiong;;;;;
Nazareth Gast;hpb;;;;
Marshaun Moose;breast;;;;
Cara Conklin;;;;;
Pinchas Gilles;gyn;;;;
Syler Marti;;;;;
Sawyer Hunt;peds;;;;
Jhene Almonte;gu;;;;
Avyaan Manns;gu;;;;
Irlanda Catania;breast;;;;
Devyn Sam;breast;;;;
Aurea Gandara;breast;;;;
Benny Crist;;;;;
Goddess Killingsworth;lymphoma;;;;
Demian Nicely;;;;;
Humza Broadwater;gu;;;;
Vivianna Valentin;;;;;
Kolbe Weigel;hpb;rectal;;;
Laila Acosta;gyn;;;;
Roan Saxton;gu;;;;
Dax Ritchie;;;;;
Cierra Mauldin;hpb;;;;
Leila Meyers;thyroid;;;;
Lamonte Vaden;;;;;
Ally Henley;chest;;;;
Neve Forney;gu;;;;
Lexis Shanley;peds;;;;
Kalianna Carmen;;;;;
Dev Luttrell;;;;;
Erik Humphrey;;;;;
London Cheng;;rectal;;;
Bryston Mustafa;breast;;;;
Zeina Nussbaum;;;;;
Aubry Tully;;;;;
Theresa Iverson;;;;;
Kyngston Tingle;bone;;;;
Pedro Gentry;gu;;;;
Favor Dupuy;;;;;
Aleksander Mize;;rectal;hpb;;
Dajuan Grimaldo;;;;;
Raeleigh Keck;thyroid;;;;
Tru Larose;;;;;
Nomar Works;lymphoma;;;;
Alina Oconnor;;rectal;gastric;esophageal;
Wyatt Evans;;rectal;hpb;;
Javien Ingersoll;;;;;
Bane Weatherford;gu;;;;
Izaak Nunley;;;;;
Chassidy Lukas;;;;;
Isaak Bagwell;;;;;ucc
Rakan Look;breast;;;;
Meelah Rossetti;;;;;
Maylene Lockridge;breast;;;;
Brynnley Armour;;;;;
Everett Brazil;gu;;;;
Lexington Loos;bone;;;;
Ryver Bachmann;;;;;
Nadiyah Privett;;rectal;;;
Christian Rivera;;;;;
Kaedence Tutt;;;;;
Calina Sisneros;;;;;
Zaydin Pattison;;;;;
Ares Hinojosa;chest;;;;
Tara Holliday;chest;;;;
Rashawn Tracey;;;;;
Annastyn Trump;;;;;ucc
Kolton Dodson;;;;;
Tamiya Mortimer;;;;;
Katlyn Fouts;breast;;;;
Kalena Mclendon;peds;;;;
Brighton Ostrander;;;;;
Ursula Ewell;;;;;
Ivanna Parra;;;;;
Laiah Oliveros;;;;;
Khai Vines;gyn;;;;
Talynn Hufford;;;;;
Shaylynn Nazario;;;;;
Lilee Bottoms;gu;;;;
Gigi Forde;;;;;
Valerie Blair;gu;;;;
Katya Phifer;;;;;
Nashla Struble;gu;;;;
Yariel Haskell;;rectal;gastric;esophageal;1.20.28.007
Shrihan Alvis;;;;;
Juanita Cady;;;;;
Dalary Coyle;breast;;;;
Ridley Carnahan;;;;;
Brooklyn Mosqueda;;;;;
Shourya Magill;;;;;
Kennady Stallworth;;;;;
Lucinda Bertrand;;;;;
Kaylan Abram;;;;;
Salih Hocker;breast;;;;
Antoni Kaminsky;peds;;;;
Hasan Pemberton;lymphoma;;;;
Drayton Constantino;peds;;;;
Opal Alonzo;;;;;
Kasia Cloyd;;;;;
Jonah Oliver;;;;;
Brielle Stanley;;;;;
Coco Dellinger;;;;;
Raylon Valenti;thyroid;;;;
Porter Sellers;;;;;
Captain Oloughlin;hpb;;;;exclusive
Greysen Creech;;;;;
Finlee Roddy;;;;;
Naftali Fielding;gu;;;;
Henna Lechner;;;;;
Lyra Uribe;;;;;
Belle Aldrich;;;;;
Jamison Puga;breast;;;;
Hanan Greenwald;;;;;
Celine Zepeda;;;;;
Starr Rey;;;;;
Heston Plant;;;;;
Elienai Neighbors;;;;;
Kaiah Pisano;;;;;
Anika Cash;;;;;
Loghan Geier;;;;;
Ronen Stitt;lymphoma;;;;
Rayne Banning;;;;;
Edwin Bradford;;;;;
Saul Lehman;peds;;;;
Kylin Thibodeau;;;;;
Malik Morse;;;;;
Fanny Lightner;;;;;
Riyaan Raper;;;;;
Kendall Terry;;;;;
Enrique Moyer;;;;;
Maja Parsley;;;;;
Taevion Primm;lymphoma;;;;
Barrett Allison;;;;;
Fritz Ussery;;;;;
Katalaya Qureshi;;;;;
Weston Riley;;;;;
Akiva Huntington;;;;;
Raegen Cyrus;gu;;;;
Jadyn Latimer;;;;;
Aeryn Paulus;;;;;
Annalynn Hedges;;;;;
Nithya Beason;;;;;
Everett Obrien;;;;;
Alize Zayas;;;;;
Camdyn Hutton;breast;;;;
Fallon Henning;breast;;;;
Aryan Butcher;;;;;
Jailah Brace;;;;;
Storm Badger;breast;;;;
Genevie Govea;;;;;
Karl Pfeiffer;;;;;
Zionna Harshman;;;;;
Charlie Blake;lymphoma;myeloma;;;
Zyriah Hornbeck;;;;;
Maddox Foltz;;;;;
Nash Mcclure;;;;;
Brynne Golding;;;;;
Mahmoud Driggers;;;;;
Ameria Mefford;;;;;
Jupiter Pizzo;;;;;
Zaine Kunkel;;;;;
Janine Chesser;;;;;
Coleman Burrows;;;;;
Nyjah Alderson;;;;;
Blakley Crowl;;;;;
Kiera Avalos;breast;;;;
Copeland Theriault;;;;;
Claire Webb;;;;;
Mahi Lui;;;;;
Liyah Keeney;;;;;
Nicole Padilla;;;;;
Marley Casey;;;;;
Cailee Osman;;;;;
Hoyt Sell;gu;;;;
Annalee Carlisle;;;;;
Chesney Ries;;;;;
Jaxx Minton;;;;;
Carolynn Mincey;;;;;
Braylen Valentine;breast;;;;
Riggs Trainor;;;;;
Cayla Urbina;;;;;
Lillyanne Magdaleno;;;;;
Trinity Beck;;;;;
Hilda Rothman;;;;;
Demarius Endres;;;;;
Jiana Guan;;;;;
Naylah Mulvey;thyroid;;;;
Jaime Key;peds;;;;
Ladarius Claudio;;;;;
Erich Naugle;;;;;
Avrohom Greiner;;;;;
Draya Conde;;;;;
Krista Francois;;;;;
Sydni Burg;;;;;
Jaedon Treat;;;;;
Robel Schleicher;;;;;
Eliyah Bethel;;;;;
Drew Stout;;;;;
Cristofer Coppola;;rectal;;;1.20.28.007
Tommie Sansone;;;;;
Allyssa Saleh;;;;;
Ayesha Barone;;;;;
Kenlie Halpern;;;;;
Evany Pollak;;;;;
Reem Seifert;;;;;
Amirah Gleason;;;;;
Conrad Lott;;;;;
Muhammad Kent;;;;;
Chandler Luke;;;;;
Maximilliano Hagedorn;;;;;
Anushka Harrigan;breast;;;;
Anabel Culp;;;;;
Cullen Romano;;;;;
Bennet Petro;;;;;
Adele Shafer;;;;;
Nehemias Cochrane;;;;;
Tariyah Gillum;;;;;
Rya Kester;;;;;
Everest Helman;;;;;
Mostafa Josephson;;;;;
Killian Spotts;;;;;
Ali Glenn;;;;;
Perel Guadalupe;;;;;
Emilynn Finkelstein;;;;;
Seriyah Hawkinson;;;;;
Lamia Quackenbush;;;;;
Zen Bucher;;;;;
Graison Hallam;;;;;
Donatello Winkle;thyroid;;;;
Noa Raley;;;;;
Josias Archuleta;;;;;
Aubrianna Hathaway;;;;;
Aloni Flower;thyroid;;;;
Aurelia Grimm;;;;;
Iyanna Carrera;;;;;
Kiarra Autrey;;;;;
Ryla Doud;;;;;
Daelyn Truesdale;;;;;
Madelin Baber;myeloma;;;;
Harbor Lenard;;;;;
Areej Griffen;;;;;
Arnav Haddad;;;;;
Raiya Hord;;;;;
Arion Mowery;;;;;
Camari Maley;;;;;
Yousif Wilbur;;;;;
Geovany Faris;;;;;
Josiah Cruz;;;;;
Kiana Stacy;;;;;
Nova Osborne;;;;;
Natalee Aviles;;;;;
Haris Shreve;;;;;
Jaivion Carnevale;;;;;
Lara Link;;;;;
Stratton Real;;;;;
Weslee Haack;;;;;
Ananias Nice;;;;;
Luiza Wilmot;;;;;
Avalyn Caudill;;;;;
Zamaria Grizzle;;;;;
Isra Joslin;;;;;
Michel Bierman;;;;;
Huda Bechtel;;;;;
Anilah Willhite;;;;;
Shanty Moton;;;;;
Zechariah Dickey;;;;;
Jamire Mauricio;;;;;
Arlin Mcgaha;;;;;
Kali Franco;peds;;;;
Jakobe Zeigler;;;;;
Tamia Coon;;;;;
Zamya Waldo;;;;;
Jubilee Crandall;;;;;
Priscilla Braun;;;;;
Riona Hans;;;;;
Dedrick Breeding;;;;;
Sanvi Boss;;;;;
Kanon Byrnes;;;;;
Jadore Quillen;;;;;
Salomon Farber;;;;;
Linus Marroquin;;;;;
Susannah Earnest;;;;;
Dhruv Traylor;;;;;
Kathy Lenz;;;;;
Carmello Beeson;;;;;
Lynlee Weems;;;;;
Christa Fannin;;;;;
Balian Lindholm;;;;;
Braelee Coots;;;;;
Coby Kiefer;;;;;
Parisa Vineyard;;;;;
Presley Curry;;;;;
Banner Pepin;;;;;
Justyce Jaime;;;;;
Sofiya Franzen;;;;;
Atlas Shutt;;;;;
Jeremiah Bennett;;;;;
Gamaliel Giglio;;;;;
Maysen Oman;;;;;
Svetlana Stang;;;;;
Armaan Scarborough;;;;;
Torian Standifer;;;;;
Silvana Guerin;;;;;
Saray Kavanaugh;;;;;
Ireland Gipson;;;;;
Ariannah Johnstone;;;;;
Solana Tyner;;;;;
Jetson Murtha;;;;;
Tayah Laurent;;;;;
Sayuri Landa;;;;;
Aaleyah Leggett;;;;;
Kota Maroney;;;;;
Hadlie Seymore;;;;;
Marianna Hadley;;;;;
Gloriana Drews;;;;;
Alexa Gutierrez;;;;;
Laney Corbett;;;;;
Frances Kidd;;;;;
Zubair Heater;;;;;
Tru Ellingson;;;;;
Aydin Epps;;;;;
Kainen Gabbard;;;;;
Jarvis Jett;;;;;
Delylah Hennessey;;;;;
Hayleigh Dias;;;;;
Camber Hasson;;;;;
Clive Rivero;;;;;
Kullen Montana;;;;;
Rain Steinman;;;;;
Rowen Gresham;;;;;
Zaydon Colman;;;;;
Aleyza Lampe;;;;;
Monte Preciado;;;;;
Eris Woolsey;;;;;
Laurence Nolte;;;;;
Rylee Lucas;;;;;
Bode Humphries;;;;;
Rawan Murchison;;;;;
Martin Cain;;;;;
Jamari Claus;;;;;
Janna Fuqua;;;;;
Deysi Callis;;;;;
Hafsah Hoehn;;;;;
Mikaila Merriweather;;;;;
Raymond Solis;;;;;
Natania Hackler;;;;;
Lucie Asher;;;;;
Dhriti Maloy;;;;;
Brilee Nation;;;;;
Naim Visser;;;;;
Tina Gann;;;;;
Jermiah Shrader;;;;;
Bellamy Pederson;;;;;
Daegan Markus;;;;;
Kaeli Killen;;;;;
Ryland Matney;;;;;
Loren Schindler;;;;;
Jovie Strange;;;;;
Kayla Walsh;;;;;
Jimena Ponce;;;;;
Eithan Bratton;;;;;
Kateri Reber;;;;;
Julianna Mullins;;;;;
Clarabelle Candelario;;;;;
Humberto France;;;;;
Julisa Koster;;;;;
Patton Place;;;;;
Amon Priebe;;;;;
Macee Deering;;;;;
Oliviah Harrold;;;;;
Danika Grossman;;;;;
Fabiola Carvalho;;;;;
Princess Lay;;;;;
Cayman Lineberry;;;;;
Payden Langan;;;;;
Addalyn Varner;;;;;
Kody Cullen;;;;;
Giovani Hannah;;;;;
Avigail Smoot;;;;;
Carver Nye;;;;;
Trapper Teller;;;;;
Robby Gorden;;;;;
Anasofia Appel;;;;;
Viviann Vanzant;;;;;
Bodee Birdwell;;;;;
Taurean Creager;;;;;
Madalynn Childress;;;;;
Marygrace Huhn;;;;;
Kyndell Kunkle;;;;;
Cyril Mathieu;;;;;
Alli Dube;;;;;
Breccan Melanson;;;;;
Hayat Bretz;;;;;
Koltin Miceli;;;;;
Katharina Mathers;;;;;
Lacie Irizarry;;;;;
Jakayla Bock;;;;;
Saniya Herrington;;;;;
Cashton Schmid;;;;;
Ani Olguin;;;;;
Avree Mcglone;;;;;
Kasey Currie;;;;;
Kolbi Doster;;;;;
Brianne Basile;;;;;
Reeva Heine;;;;;
Demetria Olivier;;;;;
Aadi Sim;;;;;
Kepler Ohalloran;;;;;
Jesse Bordelon;;;;;
Adaley Veloz;;;;;
Alesana Burdine;;;;;
Kaylen Catlett;;;;;
Falon Croom;;;;;
Heaven Yoder;;;;;
Sudais Ready;;;;;
Nylah Bernard;;;;;
Ambar Lohr;;;;;
Diane Basham;;;;;
Killian Small;;;;;
Mariano Hein;;;;;
Hawkins Carswell;;;;;
Bostyn Giroux;;;;;
Eliezer Bartholomew;;;;;
Zoei Paden;;;;;
Laynee Porterfield;;;;;
Janelly Dallas;;;;;
Bobby Mcgraw;;;;;
Kynleigh East;;;;;
Kailyn Covington;;;;;
Kyan Mcarthur;;;;;
Evey Stackhouse;;;;;
Tristin Duggins;;;;;
Guiliana Fetter;;;;;
Ernest Chow;;;;;
Nada Dickman;;;;;
Theodora Fort;;;;;
Oliviana Ranson;;;;;
Evin Lovato;;;;;
Cloey Tso;;;;;
Dennis Albert;;;;;
Vedansh Weyer;;;;;
Taliyah Dang;;;;;
Brianny Hoekstra;;;;;
Jazleen Wallin;;;;;
Nailah Fuchs;;;;;
Odalis Kisner;;;;;
Dane Albright;;;;;
Stanley Rainey;;;;;
Austin Simmons;;;;;
Sumaya Feeney;;;;;
Joniel Heins;;;;;
Braiden Moseley;;;;;
Berklee Sayers;;;;;
Sasha Winter;;;;;
Zylah Miracle;;;;;
Nayla Blank;;;;;
Coraline Hewitt;;;;;
Halo Paxton;;;;;
Khyler Sweitzer;;;;;
Carlo Curley;;;;;
Michelangelo Resendiz;;;;;
Bradlee Gard;;;;;
Jaxsyn Fung;;;;;
Keyshawn Swinney;;;;;
Bryden Freedman;;;;;
Phoenix Anthony;;;;;
Macy Crosby;;;;;
Medina Tart;;;;;
Tallulah Noonan;;;;;
Colleen Mendenhall;;;;;
Rueben Putney;;;;;
Rebel Gagliardi;;;;;
Annabel Sykes;;;;;
Aspen Buck;;;;;
Kyler Short;;;;;
Harland Stuck;;;;;
Ameenah Surber;;;;;
Princeton Ali;;;;;
Zaylen Brumfield;;;;;
Nashley Bergin;;;;;
Malcolm Farley;;;;;
Ziyon Watterson;;;;;
Aboubacar Pipes;;;;;
Anibal Annis;;;;;
Delani Mclane;;;;;
Cailin Byrum;;;;;
Serenity Schmidt;;;;;
Zahid Papp;;;;;
Arilyn Stagg;;;;;
Zakari Fortenberry;;;;;
Yasmeen Malik;;;;;
Kiernan Gwinn;;;;;
Isreal Tribble;;;;;
Vaida Garnett;;;;;
Alta Halligan;;;;;
Sailor Bey;;;;;
Ulysses Early;;;;;
Raizel Wendel;;;;;
Cianna Silverstein;;;;;
Cherish Nieto;;;;;
Fermin Peden;;;;;
Fianna Steven;;;;;
Raiden Ansari;;;;;
Karyme Im;;;;;
Johnhenry Berge;;;;;
Alaiah Mullinax;;;;;
Cornell Hua;;;;;
Makyla Peel;;;;;
Elaina Mathews;;;;;
Kekoa Rojo;;;;;
Avelynn Wieczorek;;;;;
Avari Kistler;;;;;
Danah Fragoso;;;;;
Kaidence Hepler;;;;;
Jacklynn Radcliff;;;;;
Baylie Kuehn;;;;;
Maram Willette;;;;;
Ellena Bruton;;;;;
Davi Arsenault;;;;;
Hershel Flournoy;;;;;
Rosella Nissen;;;;;
Domenico Hoagland;;;;;
Lorali Benedetto;;;;;
Audrielle Lucy;;;;;
Maanya Resch;;;;;
Ariah Lutz;;;;;
Riddick Dickenson;;;;;
Dustin Daly;;;;;
Rick Chou;;;;;
Arizona Cruse;;;;;
Gracyn Means;;;;;
Jeremih Lively;;;;;
Branch Cribbs;;;;;
Wali Bosco;;;;;
Lloyd Malcolm;;;;;
Bethel Jenks;;;;;
Jaden Baldwin;;;;;
Angelynn Geiser;;;;;
Arvin Guardado;;;;;
Zymir Hogg;;;;;
Najma Nunnally;;;;;
Orson Ivory;;;;;
Reuven Paschall;;;;;
Dyllan Bocanegra;;;;;
Aayden Lombardi;;;;;
Xylia Dunkin;;;;;
Dannie Cancel;;;;;
Kristyn Troup;;;;;
Chole Buckman;;;;;
Evans Soucy;;;;;
Aamina Twomey;;;;;
Zyire Prokop;;;;;
Callan Boney;;;;;
Ella Cooper;;;;;
Amr Hertel;;;;;
Madilyn Liu;;;;;
Aimee Pina;;;;;
Andree Gamino;;;;;
Rockwell Covey;;;;;
Artin Croy;;;;;
Justice Bernal;;;;;
Draven Crum;;;;;
Cannon Sorensen;;;;;
Nicolle Mclellan;;;;;
Itzae Bettis;;;;;
Odyssey Schall;;;;;
Branden Parnell;;;;;
Karma Tilley;;;;;
Jamie Mayo;;;;;
Avagrace Fidler;;;;;
Yohan Keiser;;;;;
Sapphire Fierro;;;;;
Augusta Stillman;;;;;
Sia Whelan;;;;;
Savina Raven;;;;;
Anita Mares;;;;;
Roni Rutz;;;;;
Colette Donahue;;;;;
Deric Veach;;;;;
Margaret Thornton;;;;;
Kyliee Lemmon;;;;;
Graciella Kilmer;;;;;
Eugenia Korte;;;;;
Breckyn Said;;;;;
Rue Whitton;;;;;
Kerry Grenier;;;;;
Elisha Gil;;;;;
Jaheim Raynor;;;;;
Amos Cote;;;;;
Acadia Sand;;;;;
Braxon Monreal;;;;;
Sunni Marinelli;;;;;
Genesis Stone;;;;;
Zyair Harless;;;;;
Elissa Randle;;;;;
Aleia Byars;;;;;
Jeremyah Grau;;;;;
Darlyn Abe;;;;;
Lucille Phelps;;;;;
Keelie Spindler;;;;;
Alfonso Person;;;;;
Gaia Zink;;;;;
Jaylani Boudreau;;;;;
Reuben Keene;;;;;
Niomi Beachy;;;;;
Xitlaly Eggert;;;;;
Alec Zavala;;;;;
Natasha Ziegler;;;;;
Kellin Toomey;;;;;
Kyla Leach;;;;;
Zavien Garfield;;;;;
Jaelle Trigg;;;;;
Layton Duffey;;;;;
Nakiyah Bolick;;;;;
Robin Christie;;;;;
Whitley Amador;;;;;
Finnick Cartagena;;;;;
Elivia Maus;;;;;
Triniti Wertz;;;;;
Ciana Schenck;;;;;
Kaesyn Fessler;;;;;
Austen Libby;;;;;
Erianna Bee;;;;;
Kamille Grubbs;;;;;
Yahel Barnwell;;;;;
Severin Spoon;;;;;
Nason Sigala;;;;;
Greg Nystrom;;;;;
Rithvik Walczak;;;;;
Shawn Kline;;;;;
Amaris Glasscock;;;;;
Sahara Maxey;;;;;
Bowie Lombard;;;;;
Nicolo Stroman;;;;;
Esther Wang;;;;;
Jailynn Dupuis;;;;;
Shea Crook;;;;;
Alya Toole;;;;;
Anisha Alcaraz;;;;;
Kayce Laflamme;;;;;
Linkoln Gaitan;;;;;
Manolo Apple;;;;;
Rayan Hopper;;;;;
Saya Turney;;;;;
Maximo Mcclendon;;;;;
Omere Koo;;;;;
Samar Hazelwood;;;;;
Dov Lea;;;;;
Sherlyn Navarrete;;;;;
Azra Herold;;;;;
Paityn Do;;;;;
Jennie Mauro;;;;;
Karas Kremer;;;;;
Cheyenne Prince;;;;;
Kassidee Lathan;;;;;
Maceo Hughey;;;;;
Precious Mullin;;;;;
Arya Duran;;;;;
Amado Woodford;;;;;
Kaylana Arney;gyn;;;;exclusive
Archibald Arceneaux;;;;;
Arisbeth Mcminn;;;;;
Jace Griffin;;;;;
Blayden Quevedo;;;;;
Oaklee Pfister;;;;;
Perrin Tallent;;;;;
Ashur Mckean;;;;;
Aneesa Haws;;;;;
Chace Brunson;;;;;
Azaliah Hardaway;;;;;
Kynlee Gregg;;;;;
Chloey Hipp;;;;;
Sanaya Reichert;;;;;
Aranza Carmichael;;;;;
Keisi Duron;;;;;
Derick Lawler;;;;;
Amy Dawson;;;;;
Ismail Messina;;;;;
Mackenzie Herrera;;;;;
Jhonny Stambaugh;;;;;
Jerald Felipe;;;;;
William Rodriguez;;;;;
Elinor Nevarez;;;;;
Diem Milliken;;;;;
Clyde Rico;;;;;
Iman Laureano;;;;;
Sarayu Monte;;;;;
Kawika Wardlow;;;;;
Mailyn Harvell;;;;;
Leandre Deen;;;;;
Raul Costa;;;;;
Beatrice Kaplan;;;;;
Makenlee Just;;;;;
Remy Sheets;;;;;
Johnnie Schiff;;;;;
Irina Aiello;;;;;
Lane Beattie;;;;;
Valeria Love;;;;;
Kaisyn Dehoyos;;;;;
Joshlyn Essex;;;;;
Emberlee Marchese;;;;;
Eiliyah Mcclurg;;;;;
Jaslene Ashe;;;;;
Olga Kingsbury;;;;;
Lark Botelho;;;;;
Reyes Bosley;;;;;
Nadiya Orona;;;;;
Jalaya Kish;;;;;
Jiovani Mines;;;;;
Joselyn Eldridge;;;;;
Nicolai Toscano;;;;;
Kalei Core;;;;;
Maryella Arceo;;;;;
Gage Waters;;;;;
Mari Harbin;;;;;
Sanya Cate;;;;;
Meira Sellars;;;;;
Naevia Fleury;;;;;
Amilliana Windle;;;;;
Iyla Isom;;;;;
Jewels Zahn;;;;;
Uri Melendrez;;;;;
Anaiyah Lilley;;;;;
Konnor Locklear;;;;;
Rozalyn Cauthen;;;;;
Garrick Melville;;;;;
Franklin Cordova;;;;;
Damiyah Blodgett;;;;;
Augustus Mcneil;;;;;
Marlow Settle;;;;;
Kate Floyd;;;;;
Angelic Fiscus;;;;;
Jami Stenson;;;;;
Loki Kasper;;;;;
Sommer Dann;;;;;
Khushi Finnerty;;;;;
Harper Kilgore;;;;;
Brecken Hone;;;;;
Vansh Alegria;;;;;
Adam Alexander;;;;;
Leopoldo Wales;;;;;
Kendal Kitchen;;;;;
Wiley Rawls;;;;;
Jerson Elizalde;;;;;
Kiran Eskridge;;;;;
Avner Absher;;;;;
Finley Camacho;;;;;
Asiyah Ballesteros;;;;;
Ziah Choy;;;;;
Adaiah Reinhard;;;;;
Faiga Trudeau;;;;;
Honesty Hooker;;;;;
Brixton Ruffin;;;;;
Talon Rossi;;;;;
Vida Stump;;;;;
Halima Jose;;;;;
Elyza Mabe;;;;;
Zinnia Mclemore;;;;;
Aarohi Belt;;;;;
Ephraim Hawk;;;;;
Tressa Cruise;;;;;
Rider Vanpelt;;;;;
Yael Bohn;;;;;
Bailey Garrett;;;;;
Devontae Sylvia;;;;;
Kinzlee Sikes;;;;;
Stassi Marcos;;;;;
Anylah Clough;;;;;
Paolo Perrone;;;;;
Kobie Gallion;;;;;
Hollis Broyles;;;;;
Marcos Acevedo;;;;;
Martina Grissom;;;;;
Dalilah Prather;;;;;
Nelia Ceron;;;;;
Haisley Cantwell;;;;;
Ora Nightingale;;;;;
Caidence Pohl;;;;;
Ayleen Mcdonough;;;;;
Lamarcus Mccafferty;;;;;
Liliana Barrett;;;;;
Boris Lessard;;;;;
Empress Smithson;;;;;
Francine Campo;;;;;
Adria Jester;;;;;
Leonel Spears;;;;;
Indra Deegan;;;;;
Jurni Ancheta;;;;;
Amir Neal;;;;;
Analiz Wagstaff;;;;;
Everest Minter;;;;;
Leonora Petry;;;;;
Eros Bozeman;;;;;
Cincere Romans;;;;;
Hagen Shore;;;;;
Jefferson Cordero;;;;;
Jadelynn Husted;;;;;
Titus Roth;;;;;
Thomas Cox;;;;;
Kimber Slaughter;;;;;
Kahlia Abrahamson;;;;;
Becca Moye;;;;;
Jamarius Hartsock;;;;;
Zaynah Hulbert;;;;;
Miguelangel Sells;;;;;
Malaki Whitmore;;;;;
Roslyn Mcdonnell;;;;;
Misha Jacobo;;;;;
Pandora Bode;;;;;
Majesty Rolle;;;;;
Marisol Latham;;;;;
Emerson Harmon;;;;;
Maiya Cornwell;;;;;
Cecil Lafferty;;;;;
Kairo Hauck;;;;;
Kamdon Avitia;;;;;
Roderick Wakefield;;;;;
Arrianna Lalonde;;;;;
Ariadne Biggs;;;;;
Collins Kellum;;;;;
Jahzara Chaplin;;;;;
Malky Peace;;;;;
Kelia Nauman;;;;;
Judge Glazier;;;;;
Kameryn Penaloza;;;;;
Aalayah Fiedler;;;;;
Kasper Risner;;;;;
Anders Stubbs;;;;;
Cove Blume;;;;;
Journee Sexton;;;;;
Kaniyah Rickard;;;;;
Tayden Landrum;;;;;
Fynlee Fraire;;;;;
Steve Cheung;;;;;
Julie Levy;;;;;
Rexton Sherwin;;;;;
Remie Mui;;;;;
Isadora Cerda;;;;;
Miyah Mckinnon;;;;;
Kaden Maldonado;;;;;
Youssef Ogle;;;;;
Emeli Esteban;;;;;
Teigen Geddes;;;;;
Alyza Gurley;;;;;
Scottie Degroot;;;;;
Wilbert Lefler;;;;;
Aliviah Pettigrew;;;;;
Maebry Rozier;;;;;
Arav Robey;;;;;
Drayden Berrios;;;;;
Alanna Barajas;;;;;
Koa Nesbitt;;;;;
Eldana Strang;;;;;
Gatlin Rudd;;;;;
Clayton Hartman;;;;;
Denny Nicholls;;;;;
Sabir Leininger;;;;;
Ona Freitag;;;;;
Akhil Rodas;;;;;
Aylinn Helsel;;;;;
Madelyn Shaw;;;;;
Braylyn Gluck;;;;;
Alaia Bland;;;;;
Dave Amundson;;;;;
Betzaida Nichol;;;;;
Emmersyn Candelaria;;;;;
Jael Ellington;;;;;
Collyn Sitton;;;;;
Raniya Otte;;;;;
Kallen Nadeau;;;;;
Elyssa Weis;;;;;
Jenessa Cundiff;;;;;
Holden Carey;;;;;
Westyn Rahman;;;;;
Sanaa Watt;;;;;
Nikko Xu;;;;;
Shai Hang;;;;;
Griffen Poon;;;;;
Joseluis Armstead;;;;;
Gwendolen Julius;;;;;
Laynie Hitt;;;;;
Freddie Caceres;;;;;
Jamel Marvin;;;;;
Ashanti Redman;;;;;
Alyzah Maughan;;;;;
Ellia Matheny;;;;;
Danyla Percy;;;;;
Shaelyn Wilhite;;;;;
Kingstyn Diller;;;;;
Amar Belanger;;;;;
Liyana Alanis;;;;;
Farhan Moniz;;;;;
Conlan Roseman;;;;;
Jaylanie Azevedo;;;;;
Amila Sarabia;;;;;
Maile Trueblood;;;;;
Waylan Hammel;;;;;
Tayton Shulman;;;;;
Hillel Sistrunk;;;;;
Fiona Patton;;;;;
Dariela Haider;;;;;
Rayann Aman;;;;;
Javian Angulo;;;;;
Giada Cutler;;;;;
Bayne Hillis;;;;;
Bradley Leonard;;;;;
Taleen Runge;;;;;
Timofey Dutra;;;;;
Dylann Hetzel;;;;;
Lynden Debord;;;;;
Benito Hawks;;;;;
Gil Mori;;;;;
Espen Breslin;;;;;
Dylon Armbruster;;;;;
Kidus Luo;;;;;
Jasir Aronson;;;;;
Ahlam Benham;;;;;
Arnold Redden;;;;;
Huck Carden;;;;;
Bo Swartz;;;;;
Fernanda Flanagan;;;;;
Aadhya Mccain;;;;;
Rory Fraser;;;;;
Eira Borchardt;;;;;
Sir Darrow;;;;;
Cartier Ehlers;;;;;
Barron Romine;;;;;
Ramya Gales;;;;;
Adel Peirce;;;;;
Ellanora Shoaf;;;;;
Shaindy Tindall;;;;;
Dejah Maddux;;;;;
Eleanor Gordon;;;;;
Anand Tolman;;;;;
Tanay Noles;;;;;
Cillian Waldrop;;;;;
Monserrath Liao;;;;;
Rhianna Grimaldi;;;;;
Vivaan Hanks;;;;;
Lexington Burchett;;;;;
Emari Finger;;;;;
Beaux Correia;;;;;
Inara Delgadillo;;;;;
Oakley Hollis;;;;;
Klarissa So;;;;;
June Jefferson;;;;;
Ayat Rahn;;;;;
Karver Swart;;;;;
Myla Wu;;;;;
Amie Mccaskill;;;;;
Carly Glass;;;;;
Ryler Pascoe;;;;;
Teresa Manley;;;;;
Jori Griner;;;;;
Paula Whitman;;;;;
Haylen Midkiff;;;;;
Syeda Hix;;;;;
Sunshine Milne;;;;;
Xavi Brice;;;;;
Ivory Seibel;;;;;
Rylee Braswell;;;;;
Cam Langdon;;;;;
Legend Cantu;;;;;
Taysom Toombs;;;;;
Ishmael Hopson;;;;;
Taim Gastelum;;;;;
Hawthorne Brick;;;;;
Nicolette Benavidez;;;;;
Janiyah Dailey;;;;;
Kainan Nero;;;;;
Janyla Wozniak;;;;;
Cainan Mcloughlin;;;;;
Jaeger Patch;;;;;
Noor Farnham;;;;;
Aahil Oden;;;;;
Amour Kowal;;;;;
Sriram Sartain;;;;;
Valen Vermillion;;;;;
Ellianna Schuster;;;;;
Zola Menard;;;;;
Ahad Guth;;;;;
Atley Carmody;;;;;
Jael Dewey;;;;;
Junior Woody;;;;;
Tatianna An;;;;;
Neyland Houlihan;;;;;
Kenzington Ong;;;;;
Charlea Peguero;;;;;
Khadija Strauss;;;;;
Ashly Hubert;;;;;
Cale Brubaker;;;;;
Khloe Austin;;;;;
Sarai Rosario;;;;;
Taiden Yocum;;;;;
Kodie Mackinnon;;;;;
Azrael Sarver;;;;;
Quinten Reedy;;;;;
Juel Holst;;;;;
Forest Butterfield;;;;;
Dmarion Tasker;;;;;
Dutch Chipman;;;;;
Zavian Spellman;;;;;
Norberto Sealy;;;;;
Dakarai Mccandless;;;;;
Charly Holcombe;;;;;
Rian Wentz;;;;;
Ruslan Davie;;;;;
Akshaya Breault;;;;;
Jillian Blanchard;;;;;
Keven Tull;;;;;
Disha Rakes;;;;;
Hashim Moll;;;;;
Bridget Donnelly;;;;;
Matthieu Brunette;;;;;
Kimberley Hartung;;;;;
Amarie Grice;;;;;
Anessa Wingo;;;;;
Dwayne Murdock;;;;;
Halley Wight;;;;;
Adaya Edison;;;;;
Hershy Swick;;;;;
Neila Doctor;;;;;
Frederic Lohman;;;;;
Memphis Robison;;;;;
Navya Cohn;;;;;
Zayed Fitz;;;;;
Mauricio Guy;;;;;
Taggart Dryer;;;;;
Deon Oliva;;;;;
Akayla Hohman;;;;;
Jalynn Resendez;;;;;
Siri Vale;;;;;
Taylor Mercer;;;;;
Railey Simonsen;;;;;
Tilly Montiel;;;;;
Zariya Sandberg;;;;;
Skylar Billings;;;;;
Jaziel Rider;;;;;
Kaci Ricci;;;;;
Valentino Pollock;;;;;
Amalia Guillen;;;;;
Rahma Conlon;;;;;
Alisa Keen;;;;;
Ava Davis;;;;;
Jessi Durden;;;;;
Carleigh Ulrich;;;;;
Alyanna Boehm;;;;;
Korey Kidwell;;;;;
Maximus Mckinney;;;;;
Rania Mcwhorter;;;;;
Zebadiah Birdsall;;;;;
Evanna Kratz;;;;;
Gracelyn Mckee;;;;;
Khali Sines;;;;;
Adley Meade;;;;;
Sebastien Gardiner;;;;;
Kofi Canas;;;;;
Cavan Weatherspoon;;;;;
Analyn Shear;;;;;
Nori Vest;;;;;
Leandra Gaskill;;;;;
Jamila Rawlings;;;;;
Braulio Pollack;;;;;
Elisabeth Teague;;;;;
Melannie Vollmer;;;;;
Cydney Breckenridge;;;;;
Anaiya Echevarria;;;;;
Ailani Dowell;;;;;
Leilah Kahn;;;;;
Camia Revell;;;;;
Justus Stribling;;;;;
Sutter Frisch;;;;;
Sabine Mcvey;;;;;
Keagan Koehler;;;;;
Salim Hindman;;;;;
Phillip Shah;;;;;
Alonso Greenberg;;;;;
Mohamedamin Ruddy;;;;;
Damarcus Caton;;;;;
Keily Cottrell;;;;;
Alyvia Hoff;;;;;
Alasia Wargo;;;;;
Sally Barragan;;;;;
Darek Jumper;;;;;
Myia Nevins;;;;;
Tiernan Keeley;;;;;
Jehu Cabello;;;;;
Clarisa Cogan;;;;;
Haydee Trusty;;;;;
Raiden Branch;;;;;
Kalel Kenny;;;;;
Mayar Nathan;;;;;
Rivers Dameron;;;;;
Esha Strader;;;;;
Tamir Rickman;;;;;
Sidney Wiles;;;;;
Kalee Lakey;;;;;
Douglas Mccray;;;;;
Marylin Topping;;;;;
Yonathan Borowski;;;;;
Yasmina Abell;;;;;
Reginae Wulf;;;;;
Davontae Scheller;;;;;
Kami Morel;;;;;
Wilton Ullman;;;;;
Courtlynn Abbas;;;;;
Adela Bartley;;;;;
Alyssandra Nestor;;;;;
Naliyah Marcotte;;;;;
Romel Scholz;;;;;
Yadier Ingalls;;;;;
Andreya Noon;;;;;
Tyus Mchale;;;;;
Ryley Ahn;;;;;
Miracle Bentley;;;;;
Karam Bickford;;;;;
Kiyomi Fancher;;;;;
Joleigh Perrine;;;;;
Rosslyn Hagood;;;;;
Darlene Joy;;;;;
Everlyn Seo;;;;;
Avah Heller;;;;;
Yechiel Hasty;;;;;
Reid Knopp;;;;;
Keri Hyder;;;;;
Inez Wessel;;;;;
Jayda Hinton;;;;;
Camden Fernandez;;;;;
Pierson Hyman;;;;;
Kaya Land;;;;;
Keeton Rabinowitz;;;;;
Ellory Naumann;;;;;
Charlize Hedrick;;;;;
Mildred Andre;;;;;
Mahogany Rupert;;;;;
Alyce Prosser;;;;;
Adeline Craig;;;;;
Khole Scribner;;;;;
Dalila Bull;;;;;
Leeland Havens;;;;;
Zayah Swindell;;;;;
Kadyn Sowers;;;;;
Alicen Hewlett;;;;;
Aishwarya Hedden;;;;;
Aylan Macon;;;;;
Casen Dubois;;;;;
Kellie Kephart;;;;;
Seraphina Pyle;;;;;
Alizah Storms;;;;;
Isa Freund;;;;;
Pyper Helm;;;;;
Tesla Layne;;;;;
Inna Mentzer;;;;;
Rosalia Puente;;;;;
Zacharias Berryman;;;;;
Adrienne Ferris;;;;;
Kane Yu;;;;;
Sumayyah Looper;;;;;
Holland Lejeune;;;;;
Zackery Soria;;;;;
Rana Dryden;;;;;
Jalisa Muro;;;;;
Salwa Mcinerney;;;;;
Amaree Boisvert;;;;;
Dianna Kinder;;;;;
Maksim Radford;;;;;
Kathrine Poor;;;;;
Graceyn Canavan;;;;;
Brecklyn Mcgehee;;;;;
Mariela Cyr;;;;;
Chastity Rentz;;;;;
Angeline Napier;;;;;
Raya Ledesma;;;;;
Emalee Moua;;;;;
Hawk Neubauer;;;;;
Amorie Moretti;;;;;
Rusty Squire;;;;;
Harlow Shrewsbury;;;;;
Lizette Pastor;;;;;
Alise Pape;;;;;
Maleena Carbaugh;;;;;
Baker Carrion;;;;;
Zade Faison;;;;;
Lorelei Richmond;;;;;
Cole Hoffman;;;;;
Dartagnan Morano;;;;;
Corinna Standley;;;;;
Tiberius Storm;;;;;
Trevor Pittman;;;;;
Klaire Pitman;;;;;
Sathvik Knorr;;;;;
Chevelle Beckett;;;;;
Mykah Alfred;;;;;
Jerrod Lizarraga;;;;;
Miabella Boyles;;;;;
Moses Frey;;;;;
Jensen Lavender;;;;;
Hadassa Leroy;;;;;
Lilli Mariano;;;;;
Emilee Alston;;;;;
Jai Dimas;;;;;
Livvy Braley;;;;;
Keilani Spann;;;;;
Josiel Hanner;;;;;
Emilie Spivey;;;;;
Jayme Arriola;;;;;
Ellison Aparicio;;;;;
Eulalia Dilworth;;;;;
Peter Cummings;;;;;
Lenin Schumann;;;;;
Kobi Polston;;;;;
Kaylea Grosso;;;;;
Josilyn Aguinaga;;;;;
Xoe Binion;;;;;
Dani Youngblood;;;;;
Aidan Vos;;;;;
Lailah Crouch;;;;;
Gitty Beaulieu;;;;;
Danya Atchley;;;;;
Egypt Beamer;;;;;
Aarushi Tharpe;;;;;
Dorcas Roberge;;;;;
Blaize Stephan;;;;;
Alejandra Oconnell;;;;;
Iver Hamman;;;;;
Dana Liggett;;;;;
Carlin Bunce;;;;;
Zena Edens;;;;;
Raina Samuel;;;;;
Azariyah Nuno;;;;;
Gabe Joe;;;;;
James Futch;;;;;
Autumn Warren;;;;;
Terrence Lovett;;;;;
Darrick Ressler;;;;;
Shay Salmon;;;;;
Devora Roeder;;;;;
Allyson Conway;;;;;
Jazmin Ashley;;;;;
Joselin Grisham;;;;;
Harlym Didonato;;;;;
Kyden Piazza;;;;;
Odalys Salmeron;;;;;
Blossom Crumpton;;;;;
Destin Birch;;;;;
Louisa Quiroz;;;;;
Galilea Crabtree;;;;;
Antwan Stowe;;;;;
Ivyana Pendley;;;;;
Jessa Vogel;;;;;
Estefani Rodney;;;;;
Reilly Sharkey;;;;;
Niklaus Ulloa;;;;;
Jax Quinn;;;;;
Jasper Beauregard;;;;;
Abbigale Zito;;;;;
Regan Quan;;;;;
Giabella Violette;;;;;
Darianna Lazaro;;;;;
Conor Cooley;;;;;
Denton Haro;;;;;
Asher Southern;;;;;
;;;;;